,,,
,,,
No.,URAIAN PEKERJAAN,LOKASI,STATUS
,,,
,Sub Kegiatan Penggantian Jembatan,,
1,Penggantian Jembatan Kali Bodas Ruas Jalan Karangkobar - Suwidak,Wanayasa,Berkontrak
2,Penggantian Jembatan Kali Royom Ruas Jalan Pandanarum-Sinduaji,Pandanarum,Berkontrak
3,Penggantian Jembatan Kali Ireng Ruas Jalan Karangkobar - Batur,Pejawaran,Pending
4,Penggantian Jembatan Kali Bojong Ruas Jalan Kalilunjar - Karekan,Pagentan,Pending
5,Penggantian Jembatan Kali Lebak Menak I Ruas Jalan Petir - Krinjing,Purwanegara,Berkontrak
,,,
,,,
,,,
,Sub Kegiatan Rekonstruksi Jalan,,
1,Peningkatan Jalan Kubang - Susukan,Wanayasa,Berkontrak
2,Peningkatan Jalan Ruas Jalan Aribaya - Sokaraja,Pagentan,Berkontrak
3,Peningkatan Jalan Ruas Jalan Babadan - Semangkung,Pejawaran,Berkontrak
4,Peningkatan Jalan Ruas Jalan Batur - Penusupan,Batur,Berkontrak
5,Peningkatan Jalan Ruas Jalan Bendawuluh - Mlaya,Banjarmangu,Berkontrak
6,Peningkatan Jalan Ruas Jalan Bulukuning - Karekan,Pejawaran,Berkontrak
7,Peningkatan Jalan Ruas Jalan Bulukuning - Kubang,Wanayasa,Berkontrak
8,Peningkatan Jalan Ruas Jalan Cawakan - Karanggondang,Karangkobar,Berkontrak
9,Peningkatan Jalan Ruas Jalan Clapar - Nagasari,Pagentan,Berkontrak
10,Peningkatan Jalan Ruas Jalan Duren - Kebondalem,Pagedongan,Berkontrak
11,Peningkatan Jalan Ruas Jalan Grogol - Biting,Pejawaran,Berkontrak
12,Peningkatan Jalan Ruas Jalan Jatilawang - Kalideres,Wanayasa,SPPBJ
13,Peningkatan Jalan Ruas Jalan Kalibombong - Gardu,Kalibening,Berkontrak
14,Peningkatan Jalan Ruas Jalan Kalilunjar - Karekan,Pejawaran,Berkontrak
15,Peningkatan Jalan Ruas Jalan Karanggondang-Sembawa,Karangkobar,Berkontrak
16,Peningkatan Jalan Ruas Jalan Karangkobar - Binangun,Karangkobar,Berkontrak
17,Peningkatan Jalan Ruas Jalan Kebondalem - Silangit,Bawang,Berkontrak
18,Peningkatan Jalan Ruas Jalan Kertosari - Rawapakis,Kalibening,Berkontrak
19,Peningkatan Jalan Ruas Jalan Lawen - Pingit Lor,Pandanarum,Berkontrak
20,Peningkatan Jalan Ruas Jalan Legoksayem - Penanggungan,Wanayasa,Berkontrak
21,Peningkatan Jalan Ruas Jalan Majasari - Babadan,Pagentan,Selesai
22,Peningkatan Jalan Ruas Jalan Masaran - Kutawuluh,Bawang,Berkontrak
23,Peningkatan Jalan Ruas Jalan Petir - Krinjing,Purwanegara,Berkontrak
24,Peningkatan Jalan Ruas Jalan Pringamba - Lengsar,Pandanarum,Berkontrak
25,Peningkatan Jalan Ruas Jalan Punggelan - Talangan,Punggelan,Berkontrak
26,Peningkatan Jalan Ruas Jalan Purwajiwa - Batas Kab. Batang,Batur,Berkontrak
27,Peningkatan Jalan Ruas Jalan Sembawa - Margasari,Kalibening,SPPBJ
28,Peningkatan Jalan Ruas Jalan Sumberejo - Pekasiran,Batur,Berkontrak
29,Peningkatan Jalan Ruas Jalan Tanjunganom - Tapen,Rakit,Berkontrak
30,Peningkatan Jalan Ruas Jalan Winong - Kutayasa,Bawang,Berkontrak
31,Peningkatan Jalan Ruas Jalan Tanjungtirta - Kalisat,Punggelan,Berkontrak
32,Peningkatan Jalan Ruas Jalan Getas - Batas Pekalongan,Pandanarum,
33,Peningkatan Jalan Ruas Jalan Beji - Slatri,Banjarmangu,Berkontrak
34,Peningkatan Jalan Ruas Jalan Pingit - Glempang,Rakit,SPPBJ
35,Peningkatan Jalan Ruas Jalan Randegan - Kalikuta,Sigaluh,Berkontrak
36,Peningkatan Jalan Ruas Jalan Danakerta - Klapa,Punggelan,
37,Peningkatan Jalan Ruas Jalan Karangkobar - Suwidak,Karangkobar,SPPBJ
38,Peningkatan Jalan Ruas Jalan Pagedongan - Pesangkalan,Pagedongan,Berkontrak
39,Peningkatan Jalan Ruas Jalan Semampir - Pucang,Bawang,Berkontrak
40,Pembangunan Jalan Lingkar Kenteng,Madukara,Berkontrak
41,Peningkatan Jalan Ruas Jalan Karanggondang - Pagerpelah,Karangkobar,Berkontrak
42,Peningkatan Jalan Ruas Jalan Merden - Lawangawu,Purwanegara,Berkontrak
43,Peningkatan Jalan Ruas Jalan Purwanegara - Merden,Purwanegara,Berkontrak
,,,
,Sub Kegiatan Pemeliharaan Berkala Jalan,,
1,Pemeliharaan Jalan Ruas Jalan Cendana - Pringamba,Sigaluh,Berkontrak
2,Pemeliharaan Jalan Ruas Jalan Kasimpar - Penanggungan,Wanayasa,Berkontrak
3,Pemeliharaan Jalan Ruas Jalan Kertayasa - Simbang,Mandiraja,Berkontrak
4,Pemeliharaan Jalan Ruas Jalan Klampok - Kecitran,Klampok,Berkontrak
5,Pemeliharaan Jalan Ruas Jalan Mandiraja - Banjengan,Mandiraja,Berkontrak
6,Pemeliharaan Jalan Ruas Jalan Payaman - Pesantren,Wanayasa,Berkontrak
7,Pemeliharaan Jalan Ruas Jalan Wanakarsa - Sipedang,Banjarmangu,Berkontrak
,,,
,Sub Kegiatan Rehabilitasi Jembatan,,
1,Rehabilitasi Jembatan Kali Gumelem Ruas Jalan Kedawung - Kemranggon,Susukan,SPPBJ
2,Rehabilitasi Jembatan Kali Merawu Ruas Jalan Kalilunjar - Karekan,Pagentan,Pending
3,Rehabilitasi Jembatan Kali Pekacangan Ruas Jalan Wanadadi - Punggelan,Wanadadi,Berkontrak
4,Rehabilitasi Jembatan Kali Jambe Ruas Jalan Somawangi - Kalitengah,Mandiraja,Berkontrak
,,,
,Sub Kegiatan Rehabilitasi Jalan,,
1,Pemeliharaan Trotoar Dalam Kota Banjarnegara,Banjarnegara,Berkontrak
2,Rehabilitasi Gorong - Gorong Ruas Jalan Pejawaran - Getas,Pejawaran,Berkontrak
3,Rehabilitasi Jalan Ruas Jalan Karangkobar - Batur,Pejawaran,Berkontrak
4,Rehabilitasi Jalan Ruas Jalan Penusupan - Karekan,Pejawaran,Berkontrak
5,Rehabilitasi Talud Jalan Ruas Jalan Banjarmangu - Rakit,Rakit,Berkontrak
6,Rehabilitasi Jalan Ruas Jalan Aribaya - Kayuares,Pagentan,Berkontrak
7,Rehabilitasi Talud Ruas jalan Banjarnegara - Kebutuh jurang,Pagedongan,Berkontrak
8,Rehabilitasi Talud Jalan Ruas Jalan Grogol - Tlagabang,Batur,Berkontrak
9,Rehabilitasi Talud Jalan Ruas Jalan Payaman - Dawuhan,Wanayasa,Berkontrak
10,Rehabilitasi Talud Jalan Ruas Jalan Purwasana - Jembangan,Punggelan,Berkontrak
11,Rehabilitasi Jalan Ruas Jalan Sijeruk - Pagerpelah,Banjarmangu,SPPBJ
12,Rehabilitasi Jalan LAWEN - PASEGERAN KAB. BANJARNEGARA,Pandanarum,Pending
13,Rehabilitasi Jalan SUMBEREJO - SIDENGOK KAB. BANJARNEGARA,Batur,Pending
,,,
,,,58 Paket